Sentence,target_phrase,entity_types,Pre_Story,Post_Story
"A company managed as a chain, due to its fairly clear scale advantage and a standardized operational model, which boosts the company's risk-resistant capabilities and improves its degree of organization, develops at a stunning speed.",its fairly clear scale advantage,"concept', 'reason', 'event'","In the competitive world of business, companies are constantly looking for ways to gain an edge over their rivals. One key concept that has proven to be a game-changer for many organizations is the idea of achieving a scale advantage. This concept refers to the ability of a company to produce goods or services at a lower cost per unit due to its large size and efficient operations. For a company to truly benefit from its fairly clear scale advantage, it needs to be managed in a way that maximizes its potential. This is exactly what happened with a company that was established with the goal of becoming a leading player in its industry. By implementing a standardized operational model and leveraging its scale advantage, the company was able to reduce costs, increase efficiency, and improve its overall competitiveness.","The rapid growth of the company was a direct result of its fairly clear scale advantage, which allowed it to expand quickly and efficiently into new markets. As the company continued to grow, it became a model for other businesses to follow, and its scale advantage was cited as a key factor in its success. In fact, the company's ability to achieve a scale advantage was a major event in the industry, as it marked a turning point in the company's history and set it on a path towards long-term success. Years later, when the company's executives looked back on their journey, they identified the decision to focus on achieving a scale advantage as a pivotal moment in the company's history. It was the reason why they were able to overcome obstacles and stay ahead of the competition, and it was a key factor in their ability to adapt to changing market conditions. The company's fairly clear scale advantage had truly been a game-changer, and it continued to play a major role in the company's success."
"Cases in which charges have already been brought include: the alleged misuse of public funds for overseas trips by Miaoli County commissioner Fu Hsueh-peng, along with county councilors Lo Hsing-chun and Hsieh Ching-chuan ; alleged breaches of the Securities Transaction Law by leading brokerage owner You Hwai-yin ; alleged financial fraud by national legislator Lin Jui-tu ; and alleged corruption by Tainan mayor George Chang in connection with a canal dredging project.","the alleged misuse of public funds for overseas trips by Miaoli County commissioner Fu Hsueh-peng, along with county councilors Lo Hsing-chun and Hsieh Ching-chuan ; alleged breaches of the Securities Transaction Law by leading brokerage owner You Hwai-yin ; alleged financial fraud by national legislator Lin Jui-tu ; and alleged corruption by Tainan mayor George Chang in connection with a canal dredging project'.","news', 'event'","In recent years, Taiwan has been rocked by a series of high-profile scandals involving government officials and business leaders. These scandals have led to widespread outrage and calls for greater transparency and accountability in government and industry. One of the most significant of these scandals is the alleged misuse of public funds by several high-ranking officials. According to reports, Miaoli County commissioner Fu Hsueh-peng, along with county councilors Lo Hsing-chun and Hsieh Ching-chuan, are accused of misusing public funds for overseas trips. This is just one of several cases that have come to light in recent months. Other notable cases include alleged breaches of the Securities Transaction Law by leading brokerage owner You Hwai-yin, alleged financial fraud by national legislator Lin Jui-tu, and alleged corruption by Tainan mayor George Chang in connection with a canal dredging project.","These cases have sparked widespread outrage and condemnation from the public and the media. Many are calling for stricter laws and regulations to prevent such abuses of power in the future. The government has also taken steps to address the issue, including launching investigations into the allegations and implementing new measures to increase transparency and accountability. The fallout from these scandals is still being felt, and it remains to be seen how they will ultimately impact the government and business community in Taiwan. However, one thing is clear: the public will no longer tolerate the kind of corruption and abuse of power that has been alleged in these cases. The news of these scandals has sent shockwaves through the country, and it will likely take time for the government and business community to regain the public's trust."
"The Pittsburgh Pirates made jerseys with sleeves on their primary uniforms both home and away, and added a new black alternate with a Pirates''' P'' on the left upper chest.",a new black alternate with a Pirates,"uniform', 'clothing', 'jersey'","The Pittsburgh Pirates, a professional baseball team, were looking to refresh their image and create a new look for their players. As part of their efforts, they decided to make some changes to their uniforms. One of the most noticeable changes was the addition of sleeves to their primary uniforms, both at home and away. This was a departure from their previous sleeveless jerseys, and it gave the team a more classic and timeless look. In addition to the changes to their primary uniforms, the Pirates also introduced a new alternate jersey. This jersey was black in color and featured a bold, silver ""P"" on the left upper chest. The ""P"" was a nod to the team's rich history and tradition, and it added a touch of elegance to the overall design.","The new alternate jersey, in particular, was a hit with the fans. The black color gave the team a sleek and modern look, while the silver ""P"" added a touch of sophistication. The jersey quickly became one of the team's most popular selling items, and it was often seen being worn by fans at games and other events. As the Pirates took to the field in their new uniforms, they exuded a sense of confidence and pride. The new jerseys had clearly made a positive impact on the team's image, and they were helping to create a renewed sense of excitement and enthusiasm among the fans. Whether they were wearing their primary uniforms or the new black alternate, the Pirates were looking sharp and feeling good about themselves."
"The original stage design of Threepenny, by Caspar Neher, made in fact use of screens displaying the titles of the different acts and scenes.","The original stage design of Threepenny, by Caspar Neher.","play', 'theater'","The Threepenny Opera, a classic work of German theater, has been a staple of the stage for decades. First performed in 1928, the play was written by Bertolt Brecht and composed by Kurt Weill. The story is a dark and satirical look at the lives of a group of characters in a fictional city, and it has been widely acclaimed for its innovative and groundbreaking style. When it came to staging the play, the set designer, Caspar Neher, wanted to create a unique and immersive experience for the audience. He decided to incorporate screens into the design, which would display the titles of the different acts and scenes. This was a bold and innovative move, and it added to the overall atmosphere of the play.","The use of screens in the stage design was a key element of the play's overall aesthetic. It added a sense of modernity and experimentation to the production, and it helped to reinforce the themes of the play. The screens also served as a visual reminder of the play's episodic structure, which was a deliberate choice made by Brecht to highlight the fragmented and disjointed nature of urban life. As the play has been revived and reinterpreted over the years, the original stage design by Caspar Neher has remained an important part of its history and legacy. The use of screens has been retained in many productions, and it continues to be a distinctive feature of the play. The Threepenny Opera remains a beloved and enduring work of theater, and its innovative stage design continues to inspire and influence new generations of artists and audiences."
Elizabeth contracted HIV in 1981 during the early stages of the AIDS epidemic after receiving a transfusion of contaminated blood while giving birth to her daughter Ariel.,a transfusion of contaminated blood,"injection', 'treatment'","In the early 1980s, the medical community was still learning about the AIDS epidemic and how it was spread. Elizabeth, a young mother, was unaware of the risks associated with blood transfusions at the time. She had just given birth to her daughter Ariel and was recovering from the delivery when she received a transfusion of blood to help with her recovery. Unfortunately, the blood she received was contaminated with HIV, and Elizabeth contracted the virus. This was a devastating blow to her and her family, as they struggled to come to terms with the diagnosis. At the time, there was still much uncertainty about the disease and how it was transmitted, and Elizabeth's diagnosis was a shock to everyone.","The transfusion of contaminated blood was a medical treatment that was intended to help Elizabeth recover from childbirth, but it ultimately had the opposite effect. It was a treatment that was meant to save her life, but it ended up putting her at risk of contracting a serious and potentially life-threatening disease. As Elizabeth navigated the challenges of living with HIV, she became an advocate for better blood safety measures and increased awareness about the disease. She worked tirelessly to educate others about the risks associated with blood transfusions and the importance of testing and screening for HIV. Her experience had a profound impact on her life, but it also gave her a new sense of purpose and determination."
"In addition, Greer said, scientists do not know if chemically treated oil will degrade as quickly as oil that's dispersed through wind and wave, and if it's more toxic.",oil that's dispersed through wind and wave,"‘oil', 'liquid', 'petroleum'","The oil spill had been a major environmental disaster, and scientists were still trying to understand the full extent of its impact. One of the key questions they were trying to answer was how the oil would degrade in the ocean. Would it break down quickly, or would it persist for years to come? Greer, a leading expert in the field, was discussing the issue with a group of colleagues. ""We just don't know what will happen to the oil that's dispersed through wind and wave,"" she said. ""Will it degrade as quickly as we think, or will it linger in the ocean?""","The oil that was dispersed through wind and wave was a mixture of crude petroleum and seawater, and it was difficult to predict how it would behave in the ocean. Scientists knew that oil was a complex liquid, made up of many different chemicals, and that it could have a range of effects on the environment. But they were still unsure about how the dispersed oil would interact with the ocean's ecosystem. As Greer continued to discuss the issue, she pointed out that the dispersed oil was just one part of the larger problem. ""We're not just talking about a single batch of oil,"" she said. ""We're talking about a massive spill that will have far-reaching consequences for the environment."" The oil that was dispersed through wind and wave was a key part of that spill, and scientists were determined to understand its impact."
"The story really came from an initial idea of doing an American fairy tale, which had n't been done at Disney, '' said `` Princess'' co-director Ron Clements.",co-director Ron Clements,"director', 'film_maker', 'maker', 'person'","The Walt Disney Company has a long history of creating beloved fairy tales that have captivated audiences around the world. However, in the 1980s, the company's animation department was looking to try something new. They wanted to create a fairy tale that was uniquely American, with characters and settings that would resonate with audiences in the United States. As the team brainstormed ideas, they knew that they needed a director who could bring their vision to life. That's when they turned to Ron Clements, a talented filmmaker who had already made a name for himself in the animation industry. Ron was excited about the prospect of working on an American fairy tale, and he quickly got to work developing the story.","characters, the script, and the overall vision of the film. His experience and expertise were invaluable in shaping the final product, which would go on to become a beloved classic.Ron's passion for storytelling and his dedication to his craft made him the perfect person to bring this American fairy tale to life. He was a true artist and a master of his craft, and his work on the film would be remembered for years to come."
"Biskupiec bis'kupjec is a village in Nowe Miasto County, Warmian-Masurian Voivodeship, in northern Poland. [PHR]Biskupiec bis'kupjec",Biskupiec bis'kupjec,"municipality', 'community', 'township', 'place_name', 'town', 'name', 'area', 'region', 'location’, 'place', 'village'","Poland is a country with a rich history and diverse geography, and one of its most fascinating regions is the Warmian-Masurian Voivodeship in the north. This area is known for its picturesque countryside, rolling hills, and charming villages. One of these villages is Biskupiec bis'kupjec, a small but vibrant community that is home to a close-knit group of residents. Located in the heart of the Nowe Miasto County, Biskupiec bis'kupjec is a place where tradition and culture come alive. The village is surrounded by beautiful countryside, with rolling hills, forests, and fields as far as the eye can see. It's a place where people come to escape the hustle and bustle of city life and connect with nature.","As a municipality, Biskupiec bis'kupjec has its own local government and community center, where residents can gather to socialize, attend events, and participate in local decision-making. The village is also home to a number of community organizations, including a church, a school, and several local businesses. Despite its small size, Biskupiec bis'kupjec is a place with a strong sense of identity and community. Residents take pride in their village and work together to maintain its charm and character. Visitors to the area are always welcome, and the villagers are happy to share their hospitality and show off their beautiful surroundings."
May brought the news that Osama bin Laden was found and killed in Pakistan in a daring night raid by the US.,Pakistan in a daring night raid by the US,"nation', 'placement', 'area’, ‘localization', 'state', 'location', 'position', 'city', 'place', 'country'","It was a momentous day in May when the news broke that Osama bin Laden, the notorious leader of the terrorist organization Al-Qaeda, had been found and killed in a surprise raid. The operation, carried out by US forces, was a culmination of years of intelligence gathering and planning. The location of the raid was a small compound in Abbottabad, a city in Pakistan. The compound, which was surrounded by high walls and security measures, had been identified as bin Laden's hideout several months earlier. The US had been monitoring the compound, gathering intelligence and waiting for the perfect moment to strike.","The raid itself was a daring and complex operation, involving a team of US Navy SEALs who flew into Pakistan under the cover of darkness. They descended upon the compound, using stealth helicopters to avoid detection, and quickly secured the area. After a brief firefight, bin Laden was confirmed dead, and his body was taken into custody. The news of bin Laden's death sent shockwaves around the world, with many countries, including Pakistan, issuing statements condemning the terrorist leader's actions. Pakistan, in particular, was in a difficult position, as the raid had taken place on its soil without its prior knowledge or consent. However, the country's leaders were quick to condemn bin Laden's actions and express their support for the US operation."
"On late Monday night, 30th Nov 2009, Bangladesh Police arrested Rajkhowa somewhere near Dhaka.",late Monday night,"'date', 'weekday', 'time', 'day'","It was a chilly winter evening in Dhaka, the capital city of Bangladesh. The month of November was about to come to an end, and the city was bustling with festivities and preparations for the upcoming holidays. As the sun set on Monday, 30th November 2009, people began to settle in for the night, unaware of the events that were about to unfold. As the clock struck 11 PM, the streets of Dhaka grew quiet, and the city slipped into the stillness of a late Monday night. The police had been tracking Rajkhowa's movements for weeks, and they knew that this was the perfect moment to make their move.","The arrest was a major breakthrough for the police, and it marked the end of a long and complex operation. As the news of the arrest spread like wildfire the next morning, people began to wonder what had led to the dramatic events of the previous late Monday night. The city was abuzz with the news, and the police were hailed as heroes for their bravery and quick thinking. The events of that night would be remembered for a long time, and the city would never forget the night that justice was served."
Soft eye shields are placed on the baby to protect their eyes from damage that may lead to retinopathy due to the bili lights.,Soft eye shields,"'shield', 'guard', 'protection', 'device', 'defender', 'shade', 'object'","The neonatal care unit was equipped with various devices to ensure the safety and well-being of newborn babies. Among these devices were the soft eye shields, carefully designed to safeguard the babies' eyes from potential harm. The nurse had been trained to use these shields effectively, and she understood the importance of protecting the babies' sensitive eyes. Before starting the treatment, the nurse took a moment to inspect the soft eye shields, checking for any signs of wear or damage. She then gently cleaned and sanitized them, making sure they were ready for use. With the shields prepared, the nurse turned her attention to the baby, who was about to undergo phototherapy treatment.","With the soft eye shields securely in place, the nurse positioned the bili lights at the recommended distance to minimize the risk of eye damage. The baby's eyes were now protected from the intense light, and the nurse could proceed with the phototherapy treatment. Throughout the procedure, the nurse closely monitored the baby's condition to ensure the effectiveness of the treatment and the safety of the soft eye shields. After the treatment was complete, the nurse carefully removed the shields and returned them to their storage container, ready to be used again when needed."
California has a population of 36.5 and a half million and yet is just one State in the USA.,just one State in the USA,"'area', 'city_state', 'state', 'place'","The United States of America is a vast and diverse country, comprising 50 states, each with its own unique characteristics and attractions. From the sun-kissed beaches of Florida to the snow-capped mountains of Colorado, the country offers a wealth of exciting experiences for visitors and residents alike. Among these states, California stands out as a particularly fascinating example of American culture and geography. With its stunning coastline, world-class cities, and picturesque countryside, California is a popular destination for tourists and a desirable place to live for many Americans. However, when considering the country as a whole, California is relatively small in terms of its geographical size and political significance.","Despite its relatively small size, California plays a significant role in the country's economy, politics, and culture. As one of the most populous states, it has a substantial impact on national elections and policy decisions. Moreover, its thriving cities, such as Los Angeles and San Francisco, are hubs for innovation, entertainment, and technology, contributing to the state's reputation as a leader in these fields. As just one state in the USA, California serves as a microcosm of the country's diversity, complexity, and contradictions."
"While STECI is considered to be the an episcopal church, it is t the same time deeply influenced by Evangelicalism.",STECI,"'church_service', 'belief', 'religious', 'administration', 'social_group', 'sect', 'religion', 'organization', 'church'","The history of Christianity is marked by a rich diversity of traditions, denominations, and movements. From the early days of the apostles to the present day, the Christian faith has evolved and branched out in various ways, giving rise to a wide range of churches, sects, and organizations. In this complex landscape, the St. Thomas Evangelical Church of India (STECI) occupies a unique position. Founded in the 19th century, STECI has its roots in the Syrian Christian tradition, which dates back to the apostolic era. Over the years, the church has developed a distinct identity, shaped by its historical and cultural context. While STECI is deeply rooted in its episcopal heritage, it has also been influenced by various other Christian traditions, including Evangelicalism.","This blend of episcopal and evangelical influences has given STECI a distinctive character, setting it apart from other Christian denominations. The church's emphasis on biblical authority, personal conversion, and community service reflects its evangelical roots, while its episcopal structure and liturgical practices attest to its connection to the broader Christian tradition. As a result, STECI has become a vibrant and dynamic community, with a strong sense of identity and purpose. The church continues to play an important role in the lives of its members, providing a spiritual home and a sense of belonging."
Israeli forces killed at least six Palestinians during a number of clashes Friday.,a number of clashes,"'operation', 'event', 'attack', 'killing'","The Israeli-Palestinian conflict has been a longstanding and deeply entrenched issue in the Middle East, with both sides suffering significant losses and hardship. The tensions between the two nations have been simmering for decades, with periods of relative calm punctuated by outbreaks of violence and bloodshed. One such day was Friday, when a series of incidents erupted into a cycle of violence. The day began with a sense of unease, as Israeli forces and Palestinian protesters faced off in several locations. The atmosphere was tense, with both sides aware of the potential for violence to erupt at any moment. As the day wore on, the situation continued to deteriorate, with reports of clashes and skirmishes emerging from various parts of the region.","The clashes were marked by a sense of chaos and confusion, with both sides exchanging blows and gunfire. The Israeli military reported that its forces had come under attack, and that they had responded with force to protect themselves and restore order. However, Palestinian sources described the incidents as unprovoked attacks, and accused the Israeli military of using excessive force. As the violence subsided, the true extent of the damage became clear, with at least six Palestinians confirmed dead and many more injured. The aftermath of the clashes was marked by a sense of outrage and condemnation, with both sides accusing each other of aggression and provocation. The international community called for calm and restraint, and urged both sides to return to the negotiating table to find a peaceful resolution to their differences. However, the cycle of violence continued to simmer, with the potential for further clashes and bloodshed always present."
"At the San Mateo Bridge, which connects the San Francisco peninsula with the East Bay, police were surprised at the speed with which traffic moved.",the speed with which traffic moved,"'procession', 'action', 'event'","The San Mateo Bridge is a vital transportation artery that connects the San Francisco peninsula with the East Bay, facilitating the daily commute of thousands of people. As one of the busiest bridges in the Bay Area, it is not uncommon for traffic to slow to a crawl, especially during rush hour. However, on this particular day, something unexpected happened. As the morning commute got underway, police officers stationed at the bridge were bracing themselves for the usual congestion. They had seen it all before - the slow crawl of cars, the frustrated drivers, and the occasional accident. But as they watched the traffic flow, they were surprised to notice that it was moving at a remarkably swift pace.","The speed with which traffic moved was indeed a welcome sight, and the police officers were pleased to see that the morning commute was proceeding smoothly. The traffic was flowing freely, with cars moving at a steady clip and few signs of congestion. As the day wore on, the police continued to monitor the traffic, and they were happy to report that the speed with which traffic moved remained consistent, with no major incidents or disruptions. The swift movement of traffic was a testament to the effective traffic management strategies in place, as well as the cooperation of drivers who were mindful of the rules of the road. As the day drew to a close, the police officers reflected on the unusual morning commute, and they were grateful that the speed with which traffic moved had been a positive factor in keeping the roads safe and efficient."
"Speaking to reporters on Thursday, the bishops spoke of watching Palestinian children cross Israeli checkpoints to return from school and the humiliation Palestinians say they feel at such places.",reporters on Thursday,"'reporter', 'writer', 'communicator', 'columnist', 'person', 'journalist'","The bishops had been on a fact-finding mission to the Middle East, seeking to understand the complexities of the Israeli-Palestinian conflict. They had met with community leaders, visited schools and hospitals, and spoken with ordinary people on the street. But it was not until they stood at the Israeli checkpoints, watching Palestinian children cross over to return from school, that they fully grasped the human cost of the conflict. As they observed the scene, the bishops were approached by a group of journalists who were eager to hear their thoughts on the situation. The reporters, armed with notebooks and cameras, asked the bishops to share their reflections on the conflict and its impact on the local population.","The bishops, moved by what they had seen, spoke candidly about the need for greater understanding and empathy between Israelis and Palestinians. They emphasized the importance of finding a peaceful solution to the conflict, one that would allow both sides to live with dignity and respect. The reporters, who had been covering the conflict for months, were struck by the bishops' words and the depth of their compassion. As the press conference came to a close, the reporters thanked the bishops for their time and insight. The bishops, in turn, thanked the journalists for their dedication to telling the stories of those affected by the conflict. The encounter between the bishops and the reporters on Thursday had been a powerful reminder of the importance of communication and understanding in breaking down barriers and promoting peace."
"Dubois contributed an article on whale anatomy to a book by the Dutch zoologist, Max Weber, and, inspired by the fresh discovery of new Neanderthal fossils at the Belgian town of Spy, he spent his vacation fossil hunting in the vicinity of his birthplace.",whale anatomy,"'subject', 'topic'","Dubois was a renowned scientist with a passion for understanding the natural world. He had spent years studying the anatomy of various creatures, from the smallest insects to the largest mammals. One of his favorite subjects was whale anatomy, and he had spent countless hours poring over texts and conducting research to gain a deeper understanding of these magnificent creatures. As a leading expert in the field, Dubois was approached by the Dutch zoologist, Max Weber, to contribute an article on whale anatomy to his new book. Dubois was thrilled at the opportunity to share his knowledge with a wider audience and set to work immediately. He spent hours writing and editing, ensuring that his article was both informative and engaging.","The article was a huge success, and Dubois's contribution to the book helped to establish him as one of the leading authorities on whale anatomy. His work sparked a renewed interest in the subject, and soon, researchers from all over the world were reaching out to him for guidance and advice. As the years passed, Dubois continued to study and write about whale anatomy, always pushing the boundaries of what was known and understood. He became a respected figure in the scientific community, and his work on whale anatomy remained a benchmark for excellence."
"In 2009, he signed for ECHL team Idaho Steelheads, with a brief stay in the AHL for the Abbotsford Heat.",a brief stay in the AHL,"'circumstance', 'activity'","As a young and ambitious hockey player, he had always dreamed of making it to the top of the sport. After years of hard work and dedication, he finally got his chance to shine in the professional leagues. In 2009, he signed a contract with the Idaho Steelheads, a team in the East Coast Hockey League (ECHL). The ECHL was a great place for him to start his career, and he quickly became a key player for the Steelheads. However, he knew that if he wanted to reach the highest level of the sport, he would need to move up to the American Hockey League (AHL). The AHL was a step above the ECHL, and it was where many of the top young players in the world came to hone their skills.","As it turned out, he did get his chance to play in the AHL, albeit for a brief stay. He was called up to the Abbotsford Heat, a team that was looking for some fresh talent to help them make a push for the playoffs. Although his time with the Heat was short-lived, he made the most of it, impressing coaches and teammates alike with his skill and determination. Despite the brief nature of his stay in the AHL, he knew that he had gained valuable experience and exposure. He returned to the ECHL with a newfound confidence and a renewed sense of purpose, determined to make it back to the AHL and eventually, the National Hockey League (NHL)."
"He matriculated at the University of Oslo in 1852, soon embarking upon a career as a journalist, focusing on criticism of drama.",criticism of drama,'subject',"As a young man, he had always been fascinated by the world of theater and performance. Growing up in Norway, he had been exposed to the rich cultural heritage of his country, and had developed a deep appreciation for the arts. So, when he matriculated at the University of Oslo in 1852, he knew that he wanted to pursue a career that would allow him to engage with his passion for drama. At first, he considered becoming a playwright or an actor, but as he delved deeper into his studies, he realized that his true calling was as a critic. He was drawn to the idea of analyzing and evaluating the performances he saw, and of sharing his thoughts and opinions with others. And so, he began to focus on criticism of drama, using his writing to explore the intricacies of the theater and to share his insights with the world.","As a journalist, he quickly made a name for himself as a respected and knowledgeable critic. His writing was engaging and insightful, and he had a keen eye for detail. He was able to capture the essence of a performance, and to convey his thoughts and feelings to his readers in a way that was both informative and entertaining. Years later, he would look back on his career with pride, knowing that he had made a significant contribution to the world of theater and drama. His criticism had helped to shape the way people thought about performance, and had inspired a new generation of writers and performers. And though he had started out as a young man with a passion for drama, he had ultimately become a respected and influential voice in the world of theater."
"Leo W. Gerard, president of the steelworkers union, said he and several leaders of the AFL-CIO had organized joint events this week with the Sierra Club and the Alliance for Climate Protection.",joint events,"'gathering', 'confluence', 'ceremony', 'conference', 'meeting', 'event'","The steelworkers union, led by Leo W. Gerard, had long been a powerful force in the labor movement. However, in recent years, the union had begun to recognize the importance of environmental issues and their impact on workers and communities. As a result, they had started to build alliances with environmental organizations, such as the Sierra Club and the Alliance for Climate Protection. One of the key ways that the steelworkers union was building these alliances was through joint events. These events, which brought together leaders and members of the union with environmental activists and experts, were designed to raise awareness about the importance of environmental issues and to build a stronger sense of solidarity between the labor and environmental movements.","The joint events had been a huge success, with hundreds of people attending and engaging in lively discussions and debates. The events had also helped to build a stronger sense of cooperation between the steelworkers union and the environmental organizations, and had laid the groundwork for future collaborations and initiatives. As the steelworkers union continued to build its alliances with environmental organizations, it was clear that the joint events had been a key factor in this process. By bringing people together and providing a platform for discussion and debate, the joint events had helped to build a stronger sense of solidarity and cooperation between the labor and environmental movements."
"About half of its newsprint is now shipped to India and other countries in Asia and South America where demand for newspapers is strong and, in many cases, growing.",India and other countries,"'area', 'region', 'state', 'country', 'location'","The global newspaper industry has been undergoing significant changes in recent years. With the rise of digital media, many countries in the Western world have seen a decline in demand for print newspapers. However, this trend is not universal. In fact, many developing nations have seen a surge in demand for newspapers, driven by growing literacy rates and a increasing appetite for news. In particular, countries like India have been experiencing rapid economic growth, leading to an increase in disposable income and a growing middle class. As a result, there is a growing demand for newspapers that cater to the diverse interests and needs of this emerging market. With its large and diverse population, India has become an attractive market for newspaper publishers.","The growth in demand for newspapers in India and other countries has not only created new opportunities for publishers but also driven innovation in the industry. Many publishers are now investing in digital platforms to cater to the growing demands of their readers. However, the demand for print newspapers remains strong, driven by the unique experience and tactile nature of print media. In the coming years, it is expected that India and other countries in Asia and South America will continue to drive growth in the global newspaper industry. With their growing economies and increasing demand for news, these countries are likely to remain a key market for publishers and a hub for innovation in the industry."
"As the War of the Fourth Coalition broke out in September 1806, Emperor Napoleon I took his Grande Armee into the heart of Germany in a memorable campaign against Prussia.",the War of the Fourth Coalition,"'fight', 'battle', 'struggle', 'conflict', 'dispute', 'group_action', 'competitiveness', 'war', 'event'","Story: The early 19th century was a time of great turmoil in Europe, with the rise of Napoleon Bonaparte and the French Empire. As tensions between France and Prussia continued to escalate, the stage was set for a major conflict. In the summer of 1806, a coalition of European powers, including Prussia, Russia, and Austria, formed an alliance to challenge Napoleon's growing power.","The War of the Fourth Coalition was a pivotal moment in European history, marking a significant turning point in the Napoleonic Wars. The conflict saw Napoleon's army face off against a combined force of Prussian and Russian troops, with the French ultimately emerging victorious. The war was characterized by a series of brutal battles, including the Battle of Jena and the Battle of Auerstedt, which showcased Napoleon's military genius and cemented his reputation as a master strategist. The aftermath of the War of the Fourth Coalition saw Napoleon's power and influence reach new heights, with the French Empire expanding its borders and establishing a network of satellite states across Europe. However, the conflict also laid the seeds for future conflicts, as the other European powers began to regroup and plan their next move against the French. In the years that followed, the War of the Fourth Coalition would be remembered as a defining moment in the Napoleonic Wars, a testament to the bravery and cunning of the soldiers who fought on both sides. The conflict would also serve as a reminder of the devastating consequences of war and the importance of diplomacy in preventing future conflicts."
"Also in the morning, a roadside bomb struck a police patrol on a main road in Baghdad's northern neighborhood of Waziriya, damaging a police vehicle and wounding two policemen aboard, along with two nearby civilians, the source added.",a roadside bomb,"'bomb', 'weapon', 'object', 'explosive'","The city of Baghdad had been plagued by violence and terrorism for years, with roadside bombs being a common threat to both military and civilian vehicles. These improvised explosive devices (IEDs) were often hidden in plain sight, making them difficult to detect and neutralize. In the early morning hours, a police patrol was making its way through the northern neighborhood of Waziriya, a densely populated area of Baghdad. The patrol was on high alert, knowing that the area was a hotbed of insurgent activity. Suddenly, a loud explosion rocked the vehicle, sending debris flying in all directions.","The blast was caused by [PHR]a roadside bomb[PHR], a crude but deadly device made from explosives and shrapnel. The bomb had been carefully hidden in a pile of trash, making it nearly invisible to the naked eye. The explosion was powerful enough to damage the police vehicle and injure several people, including two policemen and two nearby civilians. The incident was just one of many that day, as the city struggled to cope with the ongoing violence. The police and military were working tirelessly to root out the insurgents and prevent further attacks, but it was a difficult and ongoing battle. In the meantime, the people of Baghdad were forced to live in a state of constant fear, never knowing when or where the next attack would occur."
"My teacher said it was OK for me to use the notes on the test, '' he said.",My teacher,"'academician', 'articulator', 'scholar', 'professor', 'educator', 'professional', 'person', 'teacher'","It was a typical day at school, with students bustling about, preparing for their upcoming tests. John, a diligent student, was anxious about an upcoming exam in his history class. He had been studying hard, but he was still unsure about a few key concepts. As he sat in class, he raised his hand to ask his teacher a question.","John's teacher, Mrs. Johnson, was a renowned historian and educator. She had spent years researching and teaching the subject, and her passion for history was evident in her lectures. John had always found her classes engaging and informative, and he respected her expertise in the field. Mrs. Johnson was not only an accomplished academician but also a compassionate and supportive educator. She took a genuine interest in her students' progress and was always willing to offer guidance and advice. In this case, she had given John permission to use his notes on the test, recognizing that he had put in extra effort to prepare. John felt grateful for Mrs. Johnson's understanding and support. He knew that he could always count on her to provide a fair and challenging learning environment. As he sat in class, he felt confident that he would do well on the test, thanks to her guidance and encouragement."
"Each electoral region nominates a predefined number of seats to the National Assembly of Bulgaria, according to census data for the population of each region.",the National Assembly of Bulgaria,"'politics', 'government', 'political_system'","The country of Bulgaria had a long history of parliamentary democracy, with its National Assembly playing a crucial role in shaping the nation's laws and policies. As a parliamentary system, Bulgaria's government was divided into three branches: the legislative, executive, and judicial. In order to ensure fair representation, Bulgaria was divided into electoral regions, each with its own unique characteristics and demographics. These regions were a key part of the country's electoral process, as they determined the number of seats allocated to the National Assembly.","The National Assembly, also known as the Narodno Sabranie, was the supreme legislative body of Bulgaria. It was composed of 240 members, each elected by the people to represent their interests. The Assembly was responsible for passing laws, approving the budget, and exercising parliamentary control over the government. As a key institution in Bulgaria's democratic system, the National Assembly played a vital role in shaping the country's politics and government. Its members were tasked with making important decisions on behalf of the people, and its work had a direct impact on the lives of Bulgarian citizens. In recent years, the National Assembly had been at the forefront of efforts to modernize Bulgaria's government and increase transparency in its decision-making processes. Through its work, the Assembly aimed to promote good governance, protect human rights, and ensure the rule of law in Bulgaria."
Unfortunately I have n't gotten into town yet to buy that stuff Janet recommended.,stuff Janet,"'substance', 'object'","As I sat at home, I was browsing through my friend Janet's blog, where she had posted about a new skincare routine. She had written about a set of products that she swore by, and I was eager to try them out. The products were supposed to have amazing benefits for my skin, and Janet had even posted before-and-after pictures to prove it. According to her, the products contained a unique blend of natural [substance] that would help to nourish and moisturize my skin. I made a mental note to purchase the products as soon as possible, but unfortunately, I hadn't gotten a chance to go to the store yet.","I finally managed to visit the store a few days later, and I was excited to see the products on the shelves. As I picked up the products, I noticed that they came in sleek and modern packaging, which added to their appeal. The products were indeed objects of beauty, and I couldn't wait to try them out and see the results for myself."
"In the 12th century BCE, they invaded the Middle East from the eastern Mediterranean, surging through the Hittite Empire, which they destroyed and plundered its capital Hattusha.",the Middle East,"'point', 'position', 'nation', 'region', 'localization', 'space', 'state', 'place', 'location', 'country'","Geographers and historians often refer to the Middle East as a distinct geographic region, characterized by its unique cultural, economic, and political landscape. This vast territory, spanning across multiple countries, is bounded by the Mediterranean Sea to the west, the Arabian Peninsula to the south, and the Caucasus region to the north. Its strategic location at the crossroads of Europe, Asia, and Africa has made it a hub of trade, commerce, and innovation for thousands of years. The region's rich history, diverse cultural heritage, and complex geopolitics have always been of great interest to scholars and policymakers alike.","The invasion of the Middle East had a profound impact on the region's geography, politics, and culture. The destruction of the Hittite Empire led to a power vacuum, which was eventually filled by other rising empires. The region's location at the center of the ancient world made it a prized possession for many conquerors, who sought to control its trade routes, resources, and strategic positions. Today, the Middle East remains a vital and dynamic region, with its rich history and cultural heritage continuing to shape the lives of its inhabitants. The region's capital cities, such as Istanbul, Cairo, and Tehran, are bustling metropolises that attract millions of visitors each year, while its rugged terrain, vast deserts, and majestic mountains continue to inspire awe and wonder."
"The Chihshanyen site, discovered only in the 19th century, includes artifacts from multiple cultures.",multiple cultures,"'concept', 'idea'","Archaeologists have long been fascinated by the concept of cultural diversity and its impact on human societies. The idea of multiple cultures coexisting and influencing one another has been a topic of great interest in the field of anthropology. From the ancient civilizations of Mesopotamia to the modern-day melting pots of cities around the world, the exchange of ideas, traditions, and values between different cultures has shaped the course of human history. This rich tapestry of cultural heritage is a testament to the creativity, adaptability, and resilience of human societies.","The discovery of the Chihshanyen site has provided a unique window into the cultural dynamics of the past. The artifacts found at the site, which represent a diverse range of cultures, highlight the complex interactions and exchanges that took place between different societies. By studying these artifacts, researchers can gain a deeper understanding of the concepts and ideas that underpinned these cultures, and how they influenced one another. The presence of multiple cultures at the site also raises questions about the nature of cultural identity, the impact of globalization, and the ways in which different societies have always been connected."
"In a letter, the exchange said its investigations had turned up `` no evidence of abusive behavior.",abusive behavior,"'wrongdoing', 'difficulty', 'misconduct', 'trouble', 'use', 'behavior', 'activity', 'problem', 'concept', 'abuse'","In recent years, there has been a growing concern about abusive behavior in various settings, including workplaces, schools, and online communities. The concept of abusive behavior encompasses a range of wrongdoing, from verbal harassment to physical violence, and can have serious consequences for the well-being and safety of individuals. As a result, organizations and institutions have been working to develop policies and procedures to prevent and address abusive behavior, and to provide support to those who have been affected by it. Despite these efforts, abusive behavior remains a persistent problem, and it is essential to continue to investigate and address instances of misconduct.","The exchange's investigation into allegations of abusive behavior was a thorough and exhaustive process, involving interviews with multiple individuals and a review of relevant documents and records. While the investigation did not turn up any evidence of wrongdoing, it did highlight the importance of having clear policies and procedures in place to prevent and address abusive behavior. The exchange recognized that abusive behavior can take many forms, and that it is essential to be vigilant and proactive in preventing it. By taking a proactive approach to addressing abusive behavior, the exchange aimed to create a safe and respectful environment for all individuals, and to promote a culture of respect and inclusivity."
"Peace agreements will only bring further losses and push back our cause, "" he added, pointing out that Abbas \'s Fatah party also maintains its own armed wing, the loosely affiliated Al - Aqsa Martyrs Brigades.",he,"'serviceman', 'politician', 'statesman', 'policeman', 'official', 'spokesman', 'spokesperson', 'person'","As a prominent figure in the Palestinian resistance movement, he had always been a vocal advocate for the rights of his people. With years of experience in politics and diplomacy, he had earned a reputation as a skilled statesman and spokesperson for his organization. His ability to navigate complex negotiations and articulate the concerns of his community had made him a respected leader in the region.","As a key official in the Palestinian government, he was well aware of the intricacies of the peace negotiations. His years of experience in politics had taught him the importance of caution and prudence in such delicate matters. Despite his reservations about the peace agreements, he remained committed to finding a peaceful resolution to the conflict, one that would bring justice and equality to his people. As a servant of the Palestinian people, he was determined to ensure that their voices were heard and their interests were represented in any future negotiations."
"Peace agreements will only bring further losses and push back our cause, "" he added, pointing out that Abbas \'s Fatah party also maintains its own armed wing, the loosely affiliated Al - Aqsa Martyrs Brigades.",he,"'serviceman', 'politician', 'statesman', 'policeman', 'official', 'spokesman', 'spokesperson', 'person'","The Fatah party, led by Mahmoud Abbas, had been trying to negotiate a peace agreement with the opposing faction for months. However, many of its members were skeptical about the potential outcome. One of the party's high-ranking officials, who had also served in the military, expressed his concerns in a press conference.","As the official finished speaking, he was surrounded by reporters asking for further clarification. He patiently answered their questions, reiterating the party's stance on the issue. It was clear that he was not only a skilled politician but also a seasoned statesman, having navigated the complexities of Middle Eastern politics for years. He had also previously served as a serviceman in the military, which gave him a unique perspective on the conflict. In his current role as a spokesperson for the party, he was tasked with conveying the party's message to the public, a job he performed with ease. Despite his many roles, he remained humble and committed to the cause, earning him the respect of his peers and the admiration of the public."
"Barak, who has been unable to cut Sharon's 20-point lead, is reconsidering the `` Peres option'' he had dismissed in the past few weeks, news reports and political veterans said Wednesday.",he,"'adult', 'man', 'politician', 'male', 'leader', 'person'","It was a tense time in Israeli politics, with the upcoming election just around the corner. Ehud Barak, the leader of the opposition party, was struggling to close the gap between himself and the front-runner, Ariel Sharon. Despite his best efforts, Barak was unable to gain significant ground, and his team was growing increasingly worried. As the days turned into weeks, Barak's advisors began to suggest alternative strategies, one of which was to consider an alliance with the respected statesman, Shimon Peres. Peres, a seasoned politician and former leader, had a wealth of experience and a strong reputation. However, Barak had initially dismissed the idea, believing that it would undermine his own leadership.","As the news of Barak's change of heart spread, many saw it as a desperate attempt to salvage his campaign. However, others believed that the potential partnership with Peres could be a game-changer. After all, Peres was a respected leader, known for his wisdom and diplomacy. As a prominent male figure in Israeli politics, he commanded a level of respect that few others could match. As a person, he was known for his integrity and his commitment to the well-being of the Israeli people. If Barak could successfully partner with Peres, it could potentially boost his chances of winning the election."
"The public summary report, posted Thursday on the department inspector general \'s Web site, noted that officials who were interviewed described their colleagues in ""highly personal and often derogatory terms."" It expressed special concern that some witnesses at the South Carolina site had raised questions of racism, while others suggested that there was ""reverse discrimination"" at work.",It,"'finding', 'document', 'object', 'report'","The investigation into the allegations of misconduct within the department had been ongoing for months. The inspector general's office had been tasked with conducting a thorough review of the evidence and gathering testimony from key witnesses. After a lengthy process, the team was finally ready to release their findings. The public summary report, a detailed document outlining the investigation's conclusions, was carefully crafted to ensure that it accurately reflected the gravity of the situation. It was a comprehensive report, filled with data and analysis, and was intended to serve as a permanent record of the investigation's outcome.","As the report was made publicly available, it sparked a wave of interest and debate. Many saw it as a damning indictment of the department's culture, while others viewed it as a necessary step towards healing and reform. The report itself was a tangible object, a physical manifestation of the investigation's efforts, and it would serve as a lasting testament to the importance of accountability and transparency. Its findings would be studied and analyzed by scholars and researchers for years to come, providing valuable insights into the complexities of organizational behavior and the importance of addressing systemic issues."
"In October, it pledged to disable its nuclear facilities and issue a declaration on its atomic programs by the end of 2007.",It,"'government', 'administration', 'military', 'organization'","The international community had been watching with bated breath as North Korea's nuclear program continued to evolve. The country's government, led by the enigmatic leader Kim Jong-il, had long been a source of concern for neighboring nations and global powers alike. In an effort to ease tensions and prevent a potential crisis, diplomatic channels had been opened between North Korea and the international community. After months of negotiations, a breakthrough finally came in October. The North Korean administration, in a surprise move, agreed to take significant steps towards dismantling its nuclear program. This was seen as a major concession, and one that would help to alleviate fears of a nuclear arms race in the region.","As news of the agreement spread, the international community breathed a collective sigh of relief. The move was seen as a major victory for diplomacy, and a testament to the power of negotiation in resolving complex conflicts. The North Korean military, long a source of concern, was expected to play a key role in implementing the agreement. However, many questions still lingered about the organization's true intentions, and whether it would follow through on its commitments. Despite these concerns, the agreement marked an important step forward, and one that would help to build trust and confidence between North Korea and the rest of the world. As the months went by, the international community would be watching closely to see whether the North Korean government would live up to its promises."
"“Yes, he is not properly documented but it is being taken care of now, "" Hack said.",he,"""man"", ""male"", ""person""","As the investigation into the allegations continued, detectives were trying to piece together the identity of the suspect. The man in question, a tall and slender individual with short brown hair, had been seen at the scene of the crime. Witnesses described him as a quiet and unassuming person who kept to himself.","The detectives were relieved to hear that the suspect's documentation was being updated, as it would make it easier to track him down. They decided to pay a visit to the man's residence, hoping to find more clues about his involvement in the crime. Upon arrival, they noticed that the man's neighbors seemed to know very little about him, describing him as a private person who rarely interacted with others."
"After three of 20 races, he has 183 points, 53 more than second - placed countryman Rene Sommerfeldt.",he,"'driver', 'adult', 'professional', 'man’, 'player', 'athlete’, 'contestant', 'male', 'person’, 'racer'","The racing season was in full swing, and the competition was heating up. Among the top contenders was a young and talented driver, known for his lightning-fast reflexes and razor-sharp instincts on the track. He had spent years honing his skills, working his way up the ranks from amateur to professional, and now he was determined to take the top spot. As a professional athlete, he had dedicated his life to the sport, training tirelessly and fine-tuning his technique. He was a man on a mission, and his focus was unwavering. With three races already under his belt, he was sitting pretty at the top of the leaderboard, with a comfortable lead over his closest rival.","As the season progressed, he continued to dominate the track, his skills and experience paying off with each passing race. He was a force to be reckoned with, a true champion in every sense of the word. His male competitors looked up to him with a mix of admiration and envy, and his female fans adored him for his rugged charm and charisma. As a person, he was humble and down-to-earth, always willing to lend a helping hand or offer words of encouragement to his fellow drivers. But when he was behind the wheel, he was a different man altogether - a fierce competitor, driven to win at all costs. As the racing community watched with bated breath, he continued to push the limits, his speed and agility on the track leaving everyone in awe. He was a true athlete, a master of his craft, and a shining example of what it means to be a professional in every sense of the word. And as he took the checkered flag time and time again, his reputation as a top-notch driver, a skilled racer, and a true champion continued to grow."
"For Shanghai to become a financial and economic centre, it will have to depend on China \'s economy ... it is not dependent on relocating Hong Kong \'s economy, "" he said.",It,"'area', 'region', 'municipality', 'city', 'location'","Shanghai, one of the most populous cities in the world, had long been a hub of economic activity. As the largest city in China, it had always been a major player in the country's economy. However, with the rise of Hong Kong as a financial center, Shanghai had been forced to take a backseat. But now, with the transfer of sovereignty over Hong Kong back to China, Shanghai saw an opportunity to reclaim its status as a financial and economic powerhouse. For years, Shanghai had been investing heavily in its infrastructure, building state-of-the-art skyscrapers, highways, and ports. The city's leaders had a grand vision of turning Shanghai into a world-class financial center, rivaling the likes of New York, London, and Tokyo. But to achieve this goal, they knew that they would have to tap into the vast resources of China's economy.","The city's mayor, a shrewd and ambitious leader, was determined to make Shanghai a success. He knew that the city's location, at the mouth of the Yangtze River, made it an ideal hub for trade and commerce. And with its rich history and cultural heritage, Shanghai was already a popular destination for tourists. But to become a true financial center, the city would have to offer more than just a pretty face. It would have to have the infrastructure, the talent, and the resources to support a thriving economy. As a municipality, Shanghai had the autonomy to make its own decisions and forge its own path. And as a region, it was well-positioned to take advantage of China's growing economic influence."
"Queen Mary, the Queen Mother, came to see it, and after the performance asked Cotes where he found `` those wonderful actors.",It,"'show', 'performance', 'event'","It was a chilly winter evening when the renowned theatre company, led by the talented director Cotes, prepared to stage their most ambitious production yet. The play, a classic tale of love and betrayal, had been months in the making, and the entire cast and crew were eager to showcase their hard work. As the curtains drew open, the audience was transported to a world of drama and passion.","The Queen Mother's inquiry sparked a lively conversation about the talented cast, who had all come together to bring the story to life. Cotes, beaming with pride, explained how he had carefully selected each actor for their role, and how they had all worked tirelessly to perfect their craft. As the evening drew to a close, the cast and crew took their final bows, basking in the warm glow of a job well done. The success of the production was a testament to the power of theatre to bring people together and transcend the boundaries of time and place."
"Germany open their Group B campaign against Poland in the south Austrian city of Klagenfurt on Sunday June 8 where they also play Croatia on June 12, before facing hosts Austria in Vienna on June 16.",They,"'group', 'country', 'organization', 'team'","As the highly anticipated European football championship drew near, Germany's national team was busy preparing for their opening match. The squad, led by their experienced coach, had been training tirelessly to perfect their strategy and build on their previous successes. With a strong lineup and a solid team spirit, they were determined to make a lasting impression in the tournament.","As the tournament progressed, Germany's matches against Poland and Croatia would be crucial in determining their chances of advancing to the next stage. The team's fans, known for their passion and dedication, were expected to be out in full force, cheering them on and creating an electric atmosphere at each of the matches. With their sights set on the championship title, Germany was ready to give it their all and make their country proud."
He will force some of your sons to make weapons for war and to make things for his chariots.,Sons,"'juvenile', 'worker', 'son', 'relation', 'child', 'young', 'male', 'organism', 'person'","The kingdom had been at war for years, and the young prince had grown up hearing the sounds of clashing steel and the smell of smoke from the nearby battlefield. As a member of the royal family, he had always been aware of the importance of his family's legacy, but he had never imagined that he would be the one to inherit the throne so soon. As the new ruler, the prince was determined to assert his authority and ensure the kingdom's survival. However, he knew that this would require great sacrifices from his people. He would need to mobilize the young men of the kingdom, including his own sons, to work in the armories and build the chariots that would carry his soldiers into battle.","The sons, young and eager to prove themselves, would be taken from their homes and families to work in the armories. They would be tasked with crafting swords, shields, and armor for the soldiers, as well as building the chariots that would carry them into battle. It was a daunting task, but one that the young sons were determined to undertake. As children, they had always looked up to their fathers and brothers who had fought in the wars, and now they had the chance to prove themselves as worthy successors. As male members of the kingdom, they were expected to serve their ruler and their country, and they were eager to do so. As organisms, they were driven by a desire to survive and thrive, and they knew that their work would be crucial to the kingdom's success. As persons, they were entitled to respect and dignity, but they also knew that they had a duty to fulfill."
"After arriving in New York in 1914 where he met the poet Mina Loy, then moved on to Mexico three years later for the same reason when the United States entered the war.",the war,"""battle"", ""war"", ""conflict""","It was the year 1917, and the world was in the midst of a devastating conflict that would later be known as World War I. The United States had just entered the battle, and many young Americans were either drafted or volunteered to fight in the trenches of Europe. The news of the war's escalation had reached the shores of America, causing widespread panic and anxiety among its citizens. As a result, many artists and intellectuals, including the poet Mina Loy, began to flee the country in search of a more peaceful environment. One such individual was a young writer who had just arrived in New York in 1914 and had met Mina Loy. However, with the war looming large, he decided to move on to Mexico three years later for the same reason, seeking refuge from the conflict.","In Mexico, he found solace in the company of fellow artists and writers who had also escaped the war-torn world. They would often gather to discuss the latest news from the front lines, sharing their fears and hopes for a peaceful resolution to the conflict. As the war raged on, the young writer continued to write about the human cost of battle, pouring his emotions into his work. His experiences during this time would later shape his writing style, reflecting the turmoil and chaos of war."
"He was capped 42 times and scored 8 goals for Sweden, and he played at the 2002 FIFA World Cup.",Sweden,"""team""","The Swedish national football team, known for its discipline and teamwork, had been a force to be reckoned with in international competitions for decades. With a strong squad and a passionate fan base, they had qualified for the 2002 FIFA World Cup, one of the most prestigious tournaments in the sport. One of the key players in the team was a talented midfielder who had risen through the ranks of Swedish football. He had been an integral part of the team for many years, known for his skill and vision on the pitch.","The midfielder's experience and leadership were invaluable to the team as they competed against some of the best teams in the world at the World Cup. Despite being a underdog, Sweden managed to hold their own against the likes of England and Argentina, and the midfielder played a crucial role in their campaign. Although they ultimately fell short of winning the tournament, the team's performance was a testament to the strength and resilience of Swedish football."
"It turned out to be a disastrous race for the Ford Performance Racing team, with Steven Richards also involved in an accident, resulting in a bent steering arm and subsequent retirement from the race.",the race,"""competition"", ""sport"", ""contest"", ""race"", ""racing"", ""event""","The sun was shining bright on the day of the big competition, and the Ford Performance Racing team was ready to put their skills to the test. The drivers had spent weeks preparing for this moment, fine-tuning their cars and perfecting their strategies. The crowd was electric, filled with enthusiastic fans cheering on their favorite teams. As the green flag waved, the cars roared to life, speeding around the track in a blur of color and sound. The Ford Performance Racing team was off to a strong start, with their drivers expertly navigating the twists and turns of the circuit. But it wasn't long before disaster struck.","The accident was a devastating blow to the team's chances of winning, and the drivers were left to pick up the pieces and assess the damage. Despite the setback, they remained determined to compete at the highest level, and they vowed to come back stronger in the next event. The team's engineers worked tirelessly to repair the damaged car, and the drivers spent hours analyzing the data from the race, looking for ways to improve their performance. The next competition was just around the corner, and the Ford Performance Racing team was more determined than ever to emerge victorious. They had learned valuable lessons from their previous experience, and they were ready to put their skills to the test once again in the high-stakes world of racing."
"However, the hosts took their foot off the pedal and nearly paid for it dearly as the visitors took full advantage of their lacksadaisical attitude.",the visitors,"""tourist"", ""visitor"", ""traveler"", ""group"", ""person"", ""guest""","It was a beautiful summer day, and the small town of Willow Creek was bustling with activity. The local residents were busy preparing for the annual summer festival, which was just a few days away. The festival was a major tourist attraction, drawing in visitors from all over the world. This year was no exception, and the town was filled with people eager to experience the local culture and hospitality. As part of the festival, the local sports team was hosting a friendly match against a visiting team. The home team, known as the Wildcats, was confident of a win, having been on a hot streak all season. The visitors, a team from a neighboring town, was looking to cause an upset and take the trophy back home.","The visitors, a group of talented young players, had traveled a long way to participate in the match. They were determined to make the most of their trip and were not going to let the Wildcats' complacency go unpunished. Led by their captain, a skilled and experienced player, the visitors launched a series of attacks that caught the Wildcats off guard. The Wildcats were shocked by the visitors' sudden surge in momentum, but they managed to hold on and secure a narrow win. As the final whistle blew, the visitors were left to ponder what could have been, but they were also proud of their team's performance. They had traveled a long way to participate in the match, and they had given it their all."
They underscored how much the Catholic Church has felt under attack from recent news reports and from criticism over how it has handled charges of child molestation against priests in the past.,attack,"""disaster"", ""danger"", ""strike"", ""assault"", ""battle"", ""calamity"", ""threat"", ""menace"", ""attack"", ""event""","The Catholic Church had been facing a series of challenges in recent years, from declining membership to criticism over its handling of sensitive issues. But nothing had prepared them for the storm that was brewing. A series of news reports had revealed a pattern of child molestation by priests, and the Church's response had been slow and inadequate. The reports had sparked widespread outrage, with many calling for the Church to take action to address the issue. But for the Church, it felt like an attack on its very foundations. The criticism was relentless, with many questioning the Church's commitment to protecting its most vulnerable members.","The Church's leaders felt like they were under siege, with the media and the public piling on. Every new revelation seemed to bring a fresh wave of criticism, and the Church's reputation was taking a beating. It was a disaster, a calamity that threatened to destroy the very fabric of the institution. But the Church was not going to go down without a fight. Its leaders vowed to take action, to address the issues and restore trust with the public. It was a battle for the soul of the Church, and one that would require courage, resilience, and determination. The Church was facing a threat unlike any it had ever faced before, but it was determined to emerge stronger and more resilient than ever."
"Chapman retired from playing hockey after the 1943 to 1944 hockey season, and went on to served as head coach of the Buffalo Bisons of the American Hockey League from 1943 to 1945, and the Vancouver Canucks from 1957 to 1958.",hockey,"""tournament"", ""event"", ""contest"", ""game"", ""activity"", ""sport"", ""hockey""","Chapman had always been passionate about hockey, ever since he was a young boy lacing up his skates and hitting the ice. He had played in countless tournaments and events, from local contests to international games. But as he grew older, he began to realize that his playing career was limited. He had achieved great success on the ice, but he knew that eventually he would have to hang up his skates and move on.","After retiring from playing, Chapman turned his attention to coaching. He had always been interested in the tactical side of the game, and he enjoyed the challenge of helping his players improve their skills. As head coach of the Buffalo Bisons and later the Vancouver Canucks, Chapman was able to share his knowledge and experience with a new generation of hockey players. Under his guidance, the teams flourished, becoming a major force in the American Hockey League. Chapman's coaching philosophy emphasized the importance of teamwork, discipline, and physical conditioning. He was a demanding coach, but his players respected him for his expertise and his dedication to the sport. As the years passed, Chapman became a legendary figure in the world of hockey, known for his achievements both on and off the ice. He had played the game with passion and skill, and he had coached with intelligence and flair. Hockey had been a major part of his life, and he was grateful for the opportunities it had given him."
I was still struggling with that image when Betty Mahmoodi returned from Iran and wrote the famous book NotWithout My Daughter.,Iran,"""nation"", ""district"", ""area"", ""region"", ""state"", ""location"", ""territory"", ""country"", ""place""","I had always been fascinated by the culture and customs of the Middle East, and Iran was a country that held a special place in my heart. With its rich history and stunning architecture, Iran was a nation that was steeped in tradition and heritage. From the bustling streets of Tehran to the ancient ruins of Persepolis, Iran was a country that was full of contrasts and contradictions. As I delved deeper into the culture of Iran, I began to learn more about its people and their way of life. I was struck by the warmth and hospitality of the Iranian people, who welcomed strangers into their homes with open arms. I was also fascinated by the complex history of Iran, which had been shaped by centuries of invasion and occupation.","Betty Mahmoodi's book was a powerful account of her experiences in Iran, and it shed light on the struggles faced by women in this conservative country. As I read the book, I was struck by the parallels between the author's experiences and the struggles of women in other parts of the world. It was clear that Iran was a country that was still grappling with the challenges of modernity, and that its people were seeking to balance their traditional values with the demands of the 21st century. As I finished the book, I couldn't help but think about the region of Iran and its place in the world. With its strategic location at the crossroads of Asia and Europe, Iran was a country that was poised to play a major role in global affairs. But as I looked beyond its borders, I was struck by the complexity of the country's relationships with its neighbors and the wider world. Iran was a country that was part of a larger territory, a region that was home to many different cultures and traditions."
"The Tu-95MS strategic bombers have successfully completed the task during the 11-hour flight by patrolling over neutral waters, Vladimir Drik was quoted as saying by the RIA Novosti news agency.",the task,"""duty"", ""function"", ""act"", ""mission"", ""operation"", ""action"", ""activity"", ""event""","The Tu-95MS strategic bombers were on a mission to patrol the neutral waters of the North Atlantic, a critical operation that required precision and skill. The pilots had been briefed on the details of the mission, and they knew that they had to complete their duty without any errors. The success of the operation depended on their ability to carry out their function efficiently and effectively. As the bombers took off from their base, they began their 11-hour flight, navigating through the skies with ease and precision. The crew was focused on their mission, and they worked together seamlessly to complete the task at hand.","The successful completion of the mission was a significant achievement for the Tu-95MS strategic bombers, and it demonstrated their capability to carry out complex operations with ease. The crew had performed their act with precision and skill, and they had fulfilled their mission requirements. The event was a testament to the bombers' reliability and effectiveness, and it marked a significant milestone in their operational history. As the news of the successful mission spread, it was met with a sense of pride and accomplishment among the crew and the military leadership. The mission had been a significant activity, one that required careful planning and execution. But in the end, it had been a success, and it had demonstrated the capability of the Tu-95MS strategic bombers to carry out their mission with precision and skill."
"Born in Houston, the grandson of Sicilian immigrants, Valenti swept floors and made popcorn in a local theater as a boy.",a boy,"""juvenile"", ""adolescent"", ""custodian"", ""janitor"", ""person""","Growing up in Houston, Valenti was a juvenile with a strong work ethic and a passion for learning. As the grandson of Sicilian immigrants, he was instilled with a sense of determination and perseverance from a young age. To help support his family, Valenti took on various jobs, including sweeping floors and making popcorn at a local theater. The theater was a place where Valenti felt at home, surrounded by the sights and sounds of the cinema. As an adolescent, he spent hours watching movies and learning about the art of filmmaking. But despite his love for the theater, Valenti's work was not just about entertainment - it was also about hard labor. As a janitor, he was responsible for keeping the theater clean and tidy, often working long hours to ensure that everything was spotless.","As Valenti grew older, he began to take on more responsibilities at the theater, learning new skills and developing his talents as a young person. He was a quick learner, and his dedication to his work earned him the respect of his colleagues and superiors. The experience he gained at the theater would serve him well in his future endeavors, and he would always look back on his time as a boy working at the theater with fond memories."
